<?xml version="1.0" encoding="utf-8" ?>
<!DOCTYPE mapper PUBLIC "-//mybatis.org//DTD Mapper 3.0//EN"
        "http://mybatis.org/dtd/mybatis-3-mapper.dtd" >
<mapper namespace="com.chenk.twcancel.mapper.OrderMapper">

    <resultMap id="resultMapOrder" type="com.chenk.twcancel.domain.Order">
        <!--orderCode 订单号-->
        <result property="orderCode" column="orderCode" javaType="String"></result>
        <!--orderType 订单类型-->
        <result property="orderType" column="orderType" javaType="String"></result>
    </resultMap>

    <!--判断本地订单是否存在-->
    <select id="countOrder" parameterType="String" resultType="int">
        select count(*) from `skt12` where skf137 = #{orderCode}
    </select>

    <!--获取订单的基本信息-->
    <select id="selectOrder" parameterType="String" resultMap="resultMapOrder">
        select ifnull(skf137,'null') orderCode, ifnull(skf141,'null') orderType
        from `skt12` where skf137 = #{orderCode}
    </select>



</mapper>