<?xml version="1.0" encoding="utf-8" ?>
<!DOCTYPE mapper PUBLIC "-//mybatis.org//DTD Mapper 3.0//EN"
        "http://mybatis.org/dtd/mybatis-3-mapper.dtd" >
<mapper namespace="com.chenk.twso.mapper.ReceiverMapper">
    <resultMap id="resultMapReceiver" type="com.best.javaSdk.twSoNotify.request.Receiver">
        <!--name 收货方-->
        <result property="name" column="skf415" javaType="String"></result>
        <!--province 收货方所在省，配送必填-->
        <result property="province" column="nullValue" javaType="String"></result>
        <!--city 收货方所在市，配送必填-->
        <result property="city" column="nullValue" javaType="String"></result>
        <!--district 收货方所在区，配送必填-->
        <result property="district" column="nullValue" javaType="String"></result>
        <!--address 收货方所在详细地址，配送必填-->
        <result property="address" column="nullValue" javaType="String"></result>
        <!--contactName 收货方联系人，配送必填-->
        <result property="contactName" column="nullValue" javaType="String"></result>
        <!--phone 收货方联系人方式，配送必填-->
        <result property="phone" column="nullValue" javaType="String"></result>
        <!--earlyDeliveryTime 送货时间从，格式（需大于最晚提货时间。yyyy-MM-dd HH:mm:ss，快递业务可设置为下单时间+3天），配送必填-->
        <result property="earlyDeliveryTime" column="earlyDeliveryTime" javaType="String"></result>
        <!--lateDeliveryTime 送货时间到，格式（yyyy-MM-dd HH:mm:ss，快递业务可设置为下单时间+4天），配送必填-->
        <result property="lateDeliveryTime" column="lateDeliveryTime" javaType="String"></result>
    </resultMap>

    <select id="selectReceiver" parameterType="String" resultMap="resultMapReceiver">
        select ifnull(skf415,'null') skf415, 'null' nullValue,
        adddate(str_to_date(SKF138,'%Y-%m-%d %H:%i:%s'),3) earlyDeliveryTime,
        adddate(str_to_date(SKF138,'%Y-%m-%d %H:%i:%s'),4) lateDeliveryTime
        from `skt12` where skf137=#{orderCode}
    </select>



</mapper>