<?xml version="1.0" encoding="utf-8" ?>
<!DOCTYPE mapper PUBLIC "-//mybatis.org//DTD Mapper 3.0//EN"
        "http://mybatis.org/dtd/mybatis-3-mapper.dtd" >
<mapper namespace="com.chenk.twso.mapper.SenderMapper">
    <resultMap id="resultMapSender" type="com.best.javaSdk.twSoNotify.request.Sender">
        <!--name 发货方，配送必填-->
        <result property="name" column="skf142" javaType="String"></result>
        <!--province 发货方所在省，配送必填-->
        <result property="province" column="nullValue" javaType="String"></result>
        <!--city 发货方所在市，配送必填-->
        <result property="city" column="nullValue" javaType="String"></result>
        <!--district 发货方所在区，配送必填-->
        <result property="district" column="nullValue" javaType="String"></result>
        <!--address 发货方所在详细地址，配送必填-->
        <result property="address" column="nullValue" javaType="String"></result>
        <!--contactName 发货方联系人，配送必填-->
        <result property="contactName" column="nullValue" javaType="String"></result>
        <!--phone 发货方联系人方式，配送必填-->
        <result property="phone" column="nullValue" javaType="String"></result>
        <!--earlyPickupTime 提货时间从，格式（yyyy-mm-dd hh:mm:ss，快递业务可设置为下单时间），配送必填-->
        <result property="earlyPickupTime" column="" javaType="String"></result>
        <!--latePickupTime 提货时间到，格式（yyyy-mm-dd hh:mm: ss，快递业务可设置为下单时间+一天），配送必填-->
        <result property="latePickupTime" column="" javaType="String"></result>
    </resultMap>

    <select id="selectSender"  parameterType="String" resultMap="resultMapSender">
        select skf142 , 'null' nullValue
        from `skt12` where skf137 = #{orderCode}
    </select>

</mapper>