<?xml version="1.0" encoding="utf-8" ?>
<!DOCTYPE mapper PUBLIC "-//mybatis.org//DTD Mapper 3.0//EN"
        "http://mybatis.org/dtd/mybatis-3-mapper.dtd" >
<mapper namespace="com.chenk.twso.mapper.TwSoNotifyMapper">
    <resultMap id="resultMapTwSoNotify" type="com.best.javaSdk.twSoNotify.request.TwSoNotifyReq">
        <!--operationFlag 业务标识配送(W-仓,T-配,WT-仓+配,)-->
        <result property="operationFlag" column="" javaType="String"></result>
        <!--customerCode 客户编码（百世提供，唯一）-->
        <result property="customerCode" column="" javaType="String"></result>
        <!--customerName 客户名称（百世提供）-->
        <result property="customerName" column="" javaType="String"></result>
        <!--projectCode 项目编码（百世提供）项目运作地代码，配送必填-->
        <result property="projectCode" column="" javaType="String"></result>
        <!--transportMode 运输模式，FTL-整车 LTL-零担 AIR-空运 EXP-快递，快运：BTR（填写符号，如：EXP），配送必填-->
        <result property="transportMode" column="" javaType="String"></result>
        <!--businessScenarioCode ①Return_Commodity:返货 ②Forward_Delivery:正向配送（送货） ③Sales_Return:退货 ④Allot:调拨 ⑤Self_Delivery:客户自提-->
        <result property="businessScenarioCode" column="" javaType="String"></result>
        <!--vehicleModel 车型，当运输模式传入为FTL-整车，配送条件必填-->
        <result property="vehicleModel" column="" javaType="String"></result>
        <!--logisticsCode 承运商类型（百世快递 BEX,百世快运BTR）-->
        <result property="logisticsCode" column="" javaType="String"></result>
        <!--orderDescription 订单描述目前可传JY（禁运-->
        <result property="orderDescription" column="" javaType="String"></result>
        <!--shippingOrderNo 外部运单号(快递或快运单号)，配送条件必填-->
        <result property="shippingOrderNo" column="" javaType="String"></result>
        <!--orderCode 外部单号（客户单号，下单时保证唯一）-->
        <result property="orderCode" column="SKF137" javaType="String"></result>
        <!--productCode 产品类型-->
        <result property="productCode" column="" javaType="String"></result>
        <!--tradeMark 品牌-->
        <result property="tradeMark" column="" javaType="String"></result>
        <!--storeCode 门店编码-->
        <result property="storeCode" column="" javaType="String"></result>
        <!--totalAmount 商品总金额，配送存在COD服务时，必填-->
        <result property="totalAmount" column="" javaType="double"></result>
        <!--isPaymentCollected 是否代收货款，配送条件必填-->
        <result property="isPaymentCollected" column="" javaType="boolean"></result>
        <!--goodsValue 货物COD服务金额时，配送条件必填-->
        <result property="goodsValue" column="" javaType="double"></result>
        <!--cheapAmount 优惠金额，存在COD服务时，必填。若无优惠金额，则填0，配送条件必填-->
        <result property="cheapAmount" column="" javaType="double"></result>
        <!--warehouseCode 仓库代码，仓储必填-->
        <result property="warehouseCode" column="" javaType="String"></result>
        <!--actionType 操作类型：ADD-新增，仓储必填-->
        <result property="actionType" column="" javaType="String"></result>
        <!--extTradeId 	业务订单号-->
        <result property="extTradeId" column="SKF137" javaType="String"></result>
        <!--operationTypeCode 订单类型：NORMAL -普通订单/交易订单（B2C） WDO -出库单/非交易订单（B2B），仓储必填-->
        <result property="operationTypeCode" column="" javaType="String"></result>
        <!--extOrderType 出库单外部订单类型 ： NORMAL（正常） COD（货到付款） GROUP（团购） FX（分销）-->
        <result property="extOrderType" column="extOrderType" javaType="String"></result>
        <!--orderSource 订单来源（如：360BUY, PAIPAI, DANGDANG, TAOBAO,OTHER）-->
        <result property="orderSource" column="" javaType="String"></result>
        <!--orderTime 下单时间（yyyy-MM-dd HH:mm:ss）-->
        <result property="orderTime" column="SKF138" javaType="String"></result>
        <!--paymentTime 付款时间（yyyy-MM-dd HH:mm:ss）-->
        <result property="paymentTime" column="" javaType="String"></result>
        <!--shippingAmount 运费-->
        <result property="shippingAmount" column=""  javaType="double"></result>
        <!--discountAmount 折扣费-->
        <result property="discountAmount" column="" javaType="double"></result>
        <!--actualAmount 实际支付费-->
        <result property="actualAmount" column="" javaType="double"></result>
        <!--isValueDeclared 是否保价，配送条件必填-->
        <result property="isValueDeclared" column="" javaType="boolean"></result>
        <!--declaringValueAmount 保价金额，配送条件必填-->
        <result property="declaringValueAmount" column="" javaType="double"></result>
        <!--logisticsProviderCode 快递商编码-->
        <result property="logisticsProviderCode" column="" javaType="String"></result>
        <!--tmsCompany 运输公司名称-->
        <result property="tmsCompany" column="" javaType="String"></result>
        <!--tmsLinkman 运输公司联系人-->
        <result property="tmsLinkman" column="" javaType="String"></result>
        <!--tmsPhone 运输公司电话-->
        <result property="tmsPhone" column="" javaType="String"></result>
        <!--tmsLinkmanNo 运输公司联系人身份证号-->
        <result property="tmsLinkmanNo" column="" javaType="String"></result>
        <!--tmsShippingNo 运输公司运单号-->
        <result property="tmsShippingNo" column="" javaType="String"></result>
        <!--buyerName 下单人，买家昵称-->
        <result property="buyerName" column="" javaType="String"></result>
        <!--buyerPhone 下单人电话-->
        <result property="buyerPhone" column="" javaType="String"></result>
        <!--fetchGoodsLocation 取货点说明-->
        <result property="fetchGoodsLocation" column="" javaType="String"></result>
        <!--sellerName 店铺名称-->
        <result property="sellerName" column="" javaType="String"></result>
        <!--priorityCode 发货优先级-->
        <result property="priorityCode" column="" javaType="String"></result>
        <!--remark 备注-->
        <result property="remark" column="" javaType="String"></result>
        <!--shipmentTime 计划发货时间（yyyy-MM-dd HH:mm:ss）-->
        <result property="shipmentTime" column="" javaType="String"></result>
        <!--shipmentFinishTime 计划发货结束时间（yyyy-MM-dd HH:mm:ss）-->
        <result property="shipmentFinishTime" column="" javaType="String"></result>
        <!--deliveryTime 要求到达时间（yyyy-MM-dd HH:mm:ss）-->
        <result property="deliveryTime" column="" javaType="String"></result>
        <!--totalWeight 总重量（KG）-->
        <result property="totalWeight" column="" javaType="double"></result>
        <!--totalVolume 总体积（M3）-->
        <result property="totalVolume" column="" javaType="double"></result>
        <!--udfFlag 是否启用udf字段-->
        <result property="udfFlag" column="" javaType="boolean"></result>
        <!--udf1 自定义属性1-->
        <result property="udf1" column="" javaType="String"></result>
        <!--udf2 自定义属性2-->
        <result property="udf2" column="" javaType="String"></result>
        <!--udf3 自定义属性3-->
        <result property="udf3" column="" javaType="String"></result>
        <!--udf4 自定义属性4-->
        <result property="udf4" column="" javaType="String"></result>
        <!--udf5 自定义属性5-->
        <result property="udf5" column="" javaType="String"></result>
        <!--udf6 自定义属性6-->
        <result property="udf6" column="" javaType="String"></result>
        <!--udf7 自定义属性7-->
        <result property="udf7" column="" javaType="String"></result>
        <!--udf8 自定义属性8-->
        <result property="udf8" column="" javaType="String"></result>
    </resultMap>

    <!--判断订单的仓库是否是CRM电商仓库-->
    <select id="isCrmTwSoNotify" resultType="int" parameterType="String">
        select skf139 from `skt12` where skf137 = #{orderCode}
    </select>

    <!--获取指定单号的,出库订单信息-->
    <select id="selectTwSoNotify" parameterType="String" resultMap="resultMapTwSoNotify">
        select skf137,skf141,str_to_date(SKF138,'%Y-%m-%d %H:%i:%s') SKF138, 'NORMAL' extOrderType
        from `skt12` where skf137 = #{orderCode} and skf139=31
    </select>

    <update id="twsoOk" parameterType="String">
        update `skt12` set skf725 = 1 where skf137 = #{orderCode} and skf139=31
    </update>


</mapper>