<?xml version="1.0" encoding="utf-8" ?>
<!DOCTYPE mapper PUBLIC "-//mybatis.org//DTD Mapper 3.0//EN"
        "http://mybatis.org/dtd/mybatis-3-mapper.dtd" >
<mapper namespace="com.chenk.wmsso.mapper.ChenkInventoryMapper">
    <resultMap id="resultMapInventoryMapper" type="com.chenk.wmsso.domain.ChenkInventory">
        <!--warehouseCode 仓库编号-->
        <result property="warehouseCode" column="SKF185" javaType="String"></result>
        <!--ItemCode 产品编号-->
        <result property="itemSkuCode" column="SKF184" javaType="String"></result>
        <!--currentQuantity 当前库存数量 -->
        <result property="currentQuantity" column="SKF186" javaType="int"></result>
        <!--cumulativeQuantity 累计库存数量-->
        <result property="cumulativeQuantity" column="SKF218" javaType="int"></result>
        <!--totalPrice 该产品库存中总价-->
        <result property="totalPrice" column="SKF422" javaType="int"></result>
    </resultMap>

    <!--用于判断仓库中该产品信息是否存在-->
    <select id="countChenkInventory" parameterType="String" resultType="int">
        select count(*) from `skt15` where skf185 = 31 and skf184 = #{itemSkuCode}
    </select>

    <!--仓库更新产品信息 -->
    <update id="updateChenkInventory" parameterType="com.chenk.wmsso.domain.ChenkProduct" >
        update `skt15` set  skf186 = skf186 - #{unloadedQuantity},skf218 = skf218 + #{unloadedQuantity},
        skf422 = skf422 - skf421 * #{unloadedQuantity}
        where skf185 = 31 and skf184 = #{itemSkuCode}
    </update>

    <!--查询库存信息,用于出库时判断仓库中库存是否足够,已设定好为CRM电商库-->
    <select id="selectChenkInventory" parameterType="String" resultMap="resultMapInventoryMapper">
        select SKF185,SKF184,ifnull(SKF186,0) SKF186,SKF218,SKF422
        from `skt15` where skf185 = 31 and skf184 = #{itemSkuCode}
    </select>

</mapper>