<?xml version="1.0" encoding="utf-8" ?>
<!DOCTYPE mapper PUBLIC "-//mybatis.org//DTD Mapper 3.0//EN"
        "http://mybatis.org/dtd/mybatis-3-mapper.dtd" >
<mapper namespace="com.chenk.wmsso.mapper.StatusPushMapper">

    <resultMap id="resultMapStatusPush" type="com.chenk.wmsso.domain.StatusPush">
        <!--customerCode 卖家编码，保证唯一-->
        <result property="customerCode" column="" javaType="String"></result>
        <!--warehouseCode 仓库编码-->
        <result property="warehouseCode" column="" javaType="String"></result>
        <!--orderCode 外部单号-->
        <result property="orderCode"  column="" javaType="String"></result>
        <!--extTradeId 客户单号-->
        <result property="extTradeId" column="" javaType="String"></result>
        <!--orderType 订单类型：NORMAL-普通订单/交易订单（B2C）WDO-出库单/非交易订单（B2B）-->
        <result property="orderType" column="" javaType="String"></result>
        <!--orderStatus WMS_ACCEPT-接单,WMS_PRINT – 打印,WMS_PICK – 捡货,WMS_CHECK – 复核,WMS_PACKAGE – 打包,DELIVERED-已发货,EXCEPTION-发货异常,CLOSED-关闭,CANCELED-关闭-->
        <result property="orderStatus" column="" javaType="String"></result>
        <!--extOrderType 发货单外部类型（由前端系统定义6种上传，后续反馈百世按照6种类型推送）-->
        <result property="extOrderType" column="" javaType="String"></result>
        <!--operator 操作人-->
        <result property="operator" column="" javaType="String"></result>
        <!--operatorTime 操作时间（yyyy-MM-dd HH:mm:ss)-->
        <result property="operatorTime" column="" javaType="String"></result>
        <!--logisticsProviderCode 物流公司代码-->
        <result property="logisticsProviderCode" column="" javaType="String"></result>
        <!--shippingOrderNo 运单号（最后一个封箱的包裹的运单号）-->
        <result property="shippingOrderNo" column="" javaType="String"></result>
        <!--remark 备注或失败原因-->
        <result property="remark" column="" javaType="String"></result>
        <!--skuItem 总品项-->
        <result property="skuItem" column="" javaType="String"></result>
        <!--totalVolume 商品总体积-->
        <result property="totalVolume" column="" javaType="double"></result>
        <!--totalWeight 商品总毛重-->
        <result property="totalWeight" column="" javaType="double"></result>
        <!--totalNetWeight 商品总净重-->
        <result property="totalNetWeight" column="" javaType="double"></result>
    </resultMap>

    <!--查询指定的订单是否存在-->
    <select id="countStatusPush" parameterType="String" resultType="int">
        select count(*) from `skt12` where skf137 = #{orderCode}
    </select>

    <!--当全部出库后，更新出库单状态-->
    <update id="updateStatusPush" parameterType="String">
        update `skt12` set  SKF725=1,SKF561='全部出库' where skf137=#{orderCode}
    </update>
</mapper>
