<?xml version="1.0" encoding="utf-8" ?>
<!DOCTYPE mapper PUBLIC "-//mybatis.org//DTD Mapper 3.0//EN"
        "http://mybatis.org/dtd/mybatis-3-mapper.dtd" >
<mapper namespace="com.chenk.wmssku.mapper.ProductMapper">

	<!--使用resultMap 将数据表的字段名与实体类Product名称对应起来-->
	<resultMap id="resultMapProduct" type="com.best.javaSdk.wmsSkuNotify.request.Product">
		<!--itemSkuCode 商品编码，保证唯一，必填-->
		<id property="itemSkuCode" column="skf27" javaType="String"></id>
		<!--actionType 操作类型：ADD-OW，必填，由于原数据表中没有该字段，所以这边我就使用别名添加-->
		<result property="actionType" column="actionType"  javaType="String"></result>
		<!--itemName 商品中文名称，必填-->
		<result property="itemName" column="skf28" javaType="String"></result>
		<!--englishName 商品英文名称-->
		<result property="englishName" column="skf29" javaType="String"></result>
		<!--category 商品类型（类目名称）-->
		<result property="category" column="skf25" javaType="String"></result>
		<!--barCode 商品条形码,Eancode/UPC-->
		<result property="barCode" column="skf36" javaType="String"></result>
		<!--volume 商品体积(m3)-->
		<result property="volume" column="" javaType="String"></result>
		<!--length 长(m)-->
		<result property="length" column="" javaType="String"></result>
		<!--width 宽(m)-->
		<result property="width" column="" javaType="String"></result>
		<!--height 高(m)-->
		<result property="height" column="" javaType="String"></result>
		<!--weight 商品重量(kg)-->
		<result property="weight" column="" javaType="String"></result>
		<!--unitPrice 商品单价（两位小数），由于本系统一个商品编号会对应多个不同供应商的商品导致价格有多个-->
		<!--该值传入的是我们系统设计中的参考售价-->
		<result property="unitPrice" column="skf40" javaType="double"></result>
		<!--lotCode 批次代码（优先级1：接口传入；2：客户中配置；3：系统预设STANDARD）-->
		<result property="lotCode" column="" javaType="String"></result>
		<!--packCode 包装代码（优先级1：接口传入；2：客户中配置；3：系统预设STANDARD）-->
		<result property="packCode" column="" javaType="String"></result>
		<!--shelfLife 保质期-->
		<result property="shelfLife" column="" javaType="double"></result>
		<!--shelfLifeUnit 保质期时间单位（天，周，月，年/传D、W、M、Y）-->
		<result property="shelfLifeUnit" column="" javaType="String"></result>
		<!--snFlag 是否补录SN码-->
		<result property="snFlag" column="" javaType="boolean"></result>
		<!--tradeMark 品牌-->
		<result property="tradeMark" column="skf33" javaType="String"></result>
		<!--packingQty 装箱量,箱维度管理必填-->
		<result property="packingQty" column="" javaType="double"></result>
		<!--fullContainerBarCode 箱码,箱维度管理必填-->
		<result property="fullContainerBarCode" column="" javaType="String"></result>
		<!--baseUom 最小单位-->
		<result property="baseUom" column="skf32" javaType="String"></result>
		<!--packUom 包装单位-->
		<result property="packUom" column="" javaType="String"></result>
		<!--userDefined1 款号/货号-->
		<result property="userDefined1" column="" javaType="String"></result>
		<!--userDefined2 颜色/规格-->
		<result property="userDefined2" column="" javaType="String"></result>
		<!--userDefined3 尺码-->
		<result property="userDefined3" column="" javaType="String"></result>
		<!--userDefined4 季节-->
		<result property="userDefined4" column="" javaType="String"></result>
		<!--userDefined5 年份-->
		<result property="userDefined5" column="" javaType="String"></result>
		<!--userDefined6 用户自定义字段6-->
		<result property="userDefined6" column="" javaType="String"></result>
		<!--userDefined7 userDefined7-->
		<result property="userDefined7" column="" javaType="String"></result>
		<!--userDefined8 用户自定义字段8-->
		<result property="userDefined8" column="" javaType="String"></result>
		<!--grossWeight grossWeight-->
		<result property="grossWeight" column="" javaType="String"></result>
	</resultMap>

	<!--查询数据库的产品信息表中的所有数据-->
	<select id="selectAllProduct" resultMap="resultMapProduct">
		select ifnull(skf27,'null') skf27 , 'ADD-OW' actionType , ifnull(skf28,'null') skf28 ,ifnull(skf29,'null') skf29 ,
		ifnull(skf25,'null') skf25 ,ifnull(skf36,'null') skf36,ifnull(skf40,0) skf40 , ifnull(skf33,'null') skf33 ,
		ifnull(skf32,'null') skf32  from `skt3`
	</select>

	<!--查询数据库的产品信息表中的所有没有同步的信息,数据表中的同步状态字段为skf762，0代表没有同步，1代表已经同步-->
	<select id="selectNoSkuProduct" resultMap="resultMapProduct">
		select ifnull(skf27,'null') skf27 , 'ADD-OW' actionType , ifnull(skf28,'null') skf28 ,ifnull(skf29,'null') skf29 ,
		ifnull(skf25,'null') skf25 ,ifnull(skf36,'null') skf36,ifnull(skf40,0) skf40 , ifnull(skf33,'null') skf33 ,
		ifnull(skf32,'null') skf32 from `skt3`  where skf724 = 0 or skf724 is  null
	</select>

	<!--查询指定的产品信息-->
	<select id="selectProduct" parameterType="String" resultMap="resultMapProduct">
		select ifnull(skf27,'null') skf27 , 'ADD-OW' actionType , ifnull(skf28,'null') skf28 ,ifnull(skf29,'null') skf29 ,
		ifnull(skf25,'null') skf25 ,ifnull(skf36,'null') skf36,ifnull(skf40,0) skf40 , ifnull(skf33,'null') skf33 ,
		ifnull(skf32,'null') skf32  from `skt3`  where skf27 = #{itemSkuCode}
	</select>

	<!--查询指定的产品是否存在-->
	<select id="countProduct" parameterType="String" resultType="int">
 		select count(*) from `skt3` where skf27 = #{itemSkuCode}
 	</select>

	<!--更新同步状态信息-->
	<update id="skuOk" parameterType="String">
		update skt3 set skt3.skf724 = 1 where skf27 = #{itemSkuCode}
	</update>

</mapper>