<?xml version="1.0" encoding="utf-8" ?>
<!DOCTYPE mapper PUBLIC "-//mybatis.org//DTD Mapper 3.0//EN"
        "http://mybatis.org/dtd/mybatis-3-mapper.dtd" >
<mapper namespace="com.chenk.wmsasn.mapper.ChenkInventoryMapper">
    <resultMap id="resultMapInventoryMapper" type="com.chenk.wmsasn.domain.ChenkInventory">
        <!--warehouseCode 仓库编号-->
        <result property="warehouseCode" column="SKF185" javaType="String"></result>
        <!--ItemCode 产品编号-->
        <result property="itemSkuCode" column="SKF184" javaType="String"></result>
        <!--currentQuantity 当前库存数量 -->
        <result property="currentQuantity" column="SKF186" javaType="int"></result>
        <!--cumulativeQuantity 累计库存数量-->
        <result property="cumulativeQuantity" column="SKF218" javaType="int"></result>
        <!--totalPrice 该产品库存中总价-->
        <result property="totalPrice" column="SKF422" javaType="int"></result>
    </resultMap>

    <!--用于判断仓库中该产品信息是否存在-->
    <select id="countChenkInventory" parameterType="String" resultType="int" >
        select count(*) from `skt15` where skf185 = 31 and skf184 = #{itemSkuCode}
    </select>

    <!--添加该产品信息至库存表-->
    <insert id="insertChenkInventory" parameterType="com.chenk.wmsasn.domain.ChenkInventory">
        insert into `skt15` (skf184,skf185,skf186,skf218,skf328,skf382,skf421,skf422,skf651)
        values (#{itemSkuCode},31,#{unloadedQuantity},#{unloadedQuantity},#{minQuantity},
        1,#{unitPrice},#{unitPrice} * #{unloadedQuantity},0)
    </insert>

    <!--仓库更新产品信息 -->
    <update id="updateChenkInventory" parameterType="com.chenk.wmsasn.domain.ChenkProduct" >
        update `skt15` set  skf186 = skf186 + #{unloadedQuantity},skf218 = skf218 + #{unloadedQuantity},
        skf422 = skf422 + skf421 * #{unloadedQuantity}
        where skf185 = 31 and skf184 = #{itemSkuCode}
    </update>

</mapper>