<?xml version="1.0" encoding="utf-8" ?>
<!DOCTYPE mapper PUBLIC "-//mybatis.org//DTD Mapper 3.0//EN"
        "http://mybatis.org/dtd/mybatis-3-mapper.dtd" >
<mapper namespace="com.chenk.wmsasn.mapper.ChenkProductMapper">
    <resultMap id="resultMapChenkProduct" type="com.chenk.wmsasn.domain.ChenkProduct">
        <!--orderCode 订单号-->
        <result property="orderCode" column="SKF150" javaType="String"></result>
        <!--itemCode 产品编号-->
        <result property="itemSkuCode" column="SKF151" javaType="String"></result>
        <!--minQuantity 最小库存数量-->
        <result property="minQuantity" column="SKF331" javaType="int"></result>
        <!--sumQuantity 总共数量-->
        <result property="sumQuantity" column="SKF361" javaType="int"></result>
        <!--loadedQuantity 已入库数量-->
        <result property="loadedQuantity" column="SKF410" javaType="int"></result>
        <!--unloadedQuantity 未入库数量-->
        <result property="unloadedQuantity" column="SKF411" javaType="int"></result>
        <!--unitPrice 单价-->
        <result property="unitPrice" column="SKF360" javaType="double"></result>
    </resultMap>

    <!--查询指定入库单的入库数量信息-->
    <select id="selectChenkProduct" parameterType="String" resultMap="resultMapChenkProduct">
        select SKF150,SKF151,ifnull(SKF331,0) SKF331,ifnull(SKF361,0) SKF361,
        ifnull(SKF410,0) SKF410,ifnull(SKF411,0) SKF411 ,ifnull(SKF360,0) SKF360
        from `skt13` where SKF150 =#{orderCode}
    </select>

</mapper>