<?xml version="1.0" encoding="utf-8" ?>
<!DOCTYPE mapper PUBLIC "-//mybatis.org//DTD Mapper 3.0//EN"
        "http://mybatis.org/dtd/mybatis-3-mapper.dtd" >
<mapper namespace="com.chenk.wmsasn.mapper.ProductMapper">

    <resultMap id="resultMapProduct" type="com.chenk.wmsasn.domain.Product">
        <!--itemSkuCode 商品编码-->
        <result property="itemSkuCode" column="skf151" javaType="String"></result>
        <!--providerCode 供应商代码-->
        <result property="providerCode" column="" javaType="String"></result>
        <!--providerFrom 供应商来源-->
        <result property="providerFrom" column="" javaType="String"></result>
        <!--providerName 供应商名称-->
        <result property="providerName" column="" javaType="String"></result>
        <!--itemQuantity 计划数量-->
        <result property="itemQuantity" column="skf156" javaType="int"></result>
        <!--normalQuantity 良品数量-->
        <result property="normalQuantity" column="skf156" javaType="int"></result>
        <!--decimalNormalQty 良品数量（只传小数，支持小数点后1~15位），默认不使用，若开启小数配置，此字段需必填。-->
        <result property="decimalNormalQty" column="" javaType="double"></result>
        <!--defectiveQuantity 不良品数量-->
        <result property="defectiveQuantity" column="" javaType="int"></result>
        <!--decimalDefectiveQty 不良品数量（只传小数，支持小数点后1~15位），默认不使用，若开启小数配置，此字段需必填。-->
        <result property="decimalDefectiveQty" column="" javaType="double"></result>
        <!--averageWeight sku单品重量（kg）-->
        <result property="averageWeight" column="" javaType="double"></result>
        <!--averageGrossWeight sku单品毛重（kg）-->
        <result property="averageGrossWeight" column="" javaType="double"></result>
        <!--averageNetWeight sku单品净重（kg）-->
        <result property="averageNetWeight" column="" javaType="double"></result>
        <!--averageVolume sku单品体积（m³）-->
        <result property="averageVolume" column="" javaType="double"></result>
        <!--averageLength sku单品长（cm）-->
        <result property="averageLength" column="" javaType="double"></result>
        <!--averageWidth sku单品宽（cm）-->
        <result property="averageWidth" column="" javaType="double"></result>
        <!--averageHeight sku单品高（cm）-->
        <result property="averageHeight" column="" javaType="double"></result>
        <!--lineNo	行号-->
        <result property="lineNo" column="" javaType="long"></result>
        <!--barCode 条码信息-->
        <result property="barCode" column="" javaType="String"></result>
        <!--skuUdf1 商品自定义字段1-->
        <result property="skuUdf1" column="" javaType="String"></result>
        <!--skuIdf2 商品自定义字段2-->
        <result property="skuUdf2" column="" javaType="String"></result>
        <!--skuUdf3 商品自定义字段3-->
        <result property="skuUdf3" column="" javaType="String"></result>
        <!--skuUdf4 商品自定义字段4-->
        <result property="skuUdf4" column="" javaType="String"></result>
        <!--skuUdf5 商品自定义字段5-->
        <result property="skuUdf5" column="" javaType="String"></result>
        <!--skuUdf6 商品自定义字段6-->
        <result property="skuUdf6" column="" javaType="String"></result>
        <!--skuUdf7 商品自定义字段7-->
        <result property="skuUdf7" column="" javaType="String"></result>
        <!--skuUdf8 商品自定义字段8-->
        <result property="skuUdf8" column="" javaType="String"></result>
        <!--udf1 自定义字段1-->
        <result property="udf1" column="" javaType="String"></result>
        <!--udf2 自定义字段2-->
        <result property="udf2" column="" javaType="String"></result>
        <!--udf3 自定义字段3-->
        <result property="udf3" column="" javaType="String"></result>
        <!--udf4 自定义字段4-->
        <result property="udf4" column="" javaType="String"></result>
        <!--udf5 自定义字段5-->
        <result property="udf5" column="" javaType="String"></result>
        <!--udf6 自定义字段6-->
        <result property="udf6" column="" javaType="String"></result>
        <!--udf7 自定义字段7-->
        <result property="udf7" column="" javaType="String"></result>
        <!--udf8 自定义字段8-->
        <result property="udf8" column="" javaType="String"></result>
<!--        &lt;!&ndash;batchs &ndash;&gt;-->
<!--        <result property="batchs" column="" javaType="com.chenk.wmsasn.domain.Batchs"></result>-->
    </resultMap>
    <!--mapper.xml文件编写注意事项，若启动Application失败，请看错误日志从下往上看，往往是最下面的错误引起的启动失败-->

    <update id="updateProduct" parameterType="String">
        update `skt13` set skf409=skf156,skf410=skf156,skf411=0 where skf150 = #{orderCode}
    </update>


</mapper>