<?xml version="1.0" encoding="utf-8" ?>
<!DOCTYPE mapper PUBLIC "-//mybatis.org//DTD Mapper 3.0//EN"
        "http://mybatis.org/dtd/mybatis-3-mapper.dtd" >
<mapper namespace="com.chenk.wmsasn.mapper.StatusPushMapper">

    <resultMap id="resultMapStatusPush" type="com.chenk.wmsasn.domain.StatusPush">
        <!--customerCode 卖家编码，保证唯一(赋值：GMBJ)-->
        <result property="customerCode" column="" javaType="String"></result>
        <!--warehouseCode 仓库编码-->
        <result property="warehouseCode" column="" javaType="String"></result>
        <!--orderCode 入库单号-->
        <result property="orderCode" column="skf137" javaType="String"></result>
        <!--asnStatus 入库单状态：WMS_ACCEPT-接单,FULFILLED-收货完成,CANCELED-已取消,CLOSED-已关闭-->
        <result property="asnStatus" column="" javaType="String"></result>
        <!--refOrderCode 对应订单号（无库存发货用），对应WMS的relationNo,取值OMS数据库-->
        <result property="refOrderCode" column="" javaType="String"></result>
        <!--extOrderType 入库单外部类型（由前端系统定义6种上传，后续反馈百世按照6种类型推送）-->
        <result property="extOrderType" column="" javaType="String"></result>
        <!--logisticsProviderCode 送货配送公司代码-->
        <result property="logisticsProviderCode" column="" javaType="String"></result>
        <!--送货运单号 shippingOrderNo-->
        <result property="shippingOrderNo" column="" javaType="String"></result>
        <!--remark 备注-->
        <result property="remark" column="" javaType="String"></result>
        <!--receiveTime 收货完成时间-->
        <result property="receiveTime" column="" javaType="String"></result>
        <!--checkStartTime 验货开始时间-->
        <result property="checkStartTime" column="" javaType="String"></result>
        <!--checkEndTime 验货完成时间-->
        <result property="checkEndTime" column="" javaType="String"></result>
        <!--orderTime 下单时间（yyyy-MM-dd HH:mm:ss）-->
        <result property="orderTime" column="skf138" javaType="String"></result>
        <!--udfFlag 是否直接使用udf字段-->
        <result property="udfFlag" column="" javaType="boolean"></result>
        <!--udf1 自定义属性1-->
        <result property="udf1" column="" javaType="String"></result>
        <!--udf2 自定义属性2-->
        <result property="udf2" column="" javaType="String"></result>
        <!--udf3 自定义属性3-->
        <result property="udf3" column="" javaType="String"></result>
        <!--udf4 自定义属性4-->
        <result property="udf4" column="" javaType="String"></result>
        <!--udf5 自定义属性5-->
        <result property="udf5" column="" javaType="String"></result>
        <!--udf6 自定义属性6-->
        <result property="udf6" column="" javaType="String"></result>
        <!--udf7 自定义属性7-->
        <result property="udf7" column="" javaType="String"></result>
        <!--udf8 自定义属性8-->
        <result property="udf8" column="" javaType="String"></result>
        <!--totalVolume 商品总体积-->
        <result property="totalVolume" column="" javaType="double"></result>
        <!--totalWeight 商品总毛重-->
        <result property="totalWeight" column="" javaType="double"></result>
        <!--totalNetWeight 	商品总净重-->
        <result property="totalNetWeight" column="" javaType="double"></result>
        <!--wmsCreatedFlag 是否wms手工单-->
        <result property="wmsCreatedFlag" column="" javaType="boolean"></result>
        <!--skuItem	总品项数-->
        <result property="skuItem" column="" javaType="String"></result>
<!--        &lt;!&ndash;products 产品信息&ndash;&gt;-->
<!--        <result property="products" column="" javaType="com.chenk.wmsasn.domain.Products"></result>-->
<!--        &lt;!&ndash;snCodeItems 商品编码信息&ndash;&gt;-->
<!--        <result property="snCodeItems" column="" javaType="com.chenk.wmsasn.domain.SnCodeItems"></result>-->
    </resultMap>

    <!--查询指定订单信息,不去使用-->
    <select id="selectStatusPush"  parameterType="String"    resultMap="resultMapStatusPush">
        select * from `skt12` where skf137 = #{orderCode}
    </select>

    <!--判断某一订单数据库中是否存在-->
    <select id="countStatusPush" resultType="int">
        select count(*) from `skt12` where skf137 = #{orderCode}
    </select>

    <!--更新入库单信息状态信息-->
    <update id="updateStatusPush" parameterType="String">
        update `skt12` set  skf413='全部入库',skf725 = 1 where skf137 = #{orderCode}
    </update>

</mapper>
