<?xml version="1.0" encoding="utf-8" ?>
<!DOCTYPE mapper PUBLIC "-//mybatis.org//DTD Mapper 3.0//EN"
        "http://mybatis.org/dtd/mybatis-3-mapper.dtd" >
<mapper namespace="com.chenk.twasn.mapper.ItemMapper">

    <resultMap id="resultMapItem" type="com.best.javaSdk.twAsnNotify.request.Item">
        <!--lineNo 行号（多货物时需传不同值，需要正整数）-->
        <result property="lineNo" column="" javaType="int"></result>
        <!--itemSkuCode 货物编码-->
        <result property="itemSkuCode" column="SKF151" javaType="String"></result>
        <!--itemName 货物名称-->
        <result property="itemName" column="SKF28" javaType="String"></result>
        <!--itemQuantity 内件数量，仓储必填-->
        <result property="itemQuantity" column="SKF156" javaType="int"></result>
        <!--packageCount 包装数量-->
        <result property="packageCount" column="SKF156" javaType="int"></result>
        <!--uomCode 包装单位-->
        <result property="uomCode" column="SKF32" javaType="String"></result>
        <!--packageName 包装名称，配送必填-->
        <result property="packageName" column="" javaType="String"></result>
        <!--weight 重量(该行sku汇总重量)KG-->
        <result property="weight" column="" javaType="double"></result>
        <!--volume 体积(该行sku汇总体积)m³-->
        <result property="volume" column="" javaType="double"></result>
        <!--volumeWeight 体积重量-->
        <result property="volumeWeight" column="" javaType="double"></result>
        <!--unitPrice 货物单价，存在COD服务时，配送条件必填-->
        <result property="unitPrice" column="SKF360" javaType="double"></result>
        <!--declaredValue 货物单个item总价值-->
        <result property="declaredValue" column="SKF361" javaType="double"></result>
        <!--fixStatusCode 对应商品状态：默认不填表示良品，Y-良品，其它值表示不良品-->
        <result property="fixStatusCode" column="" javaType="String"></result>
        <!--productionDate 生产日期（格式：yyyy-MM-dd HH:mm:ss）-->
        <result property="productionDate" column="" javaType="String"></result>
        <!--expiryDate 失效日期（格式：yyyy-MM-dd HH:mm:ss）-->
        <result property="expiryDate" column="" javaType="String"></result>
        <!--lotAtt01 活动批次代码1-->
        <result property="lotAtt01" column="" javaType="String"></result>
        <!--lotAtt02 活动批次代码2-->
        <result property="lotAtt02" column="" javaType="String"></result>
        <!--lotAtt03 活动批次代码3-->
        <result property="lotAtt03" column="" javaType="String"></result>
        <!--lotAtt04 活动批次代码4-->
        <result property="lotAtt04" column="" javaType="String"></result>
        <!--lotAtt05 活动批次代码5-->
        <result property="lotAtt05" column="" javaType="String"></result>
        <!--lotAtt06 活动批次代码6-->
        <result property="lotAtt06" column="" javaType="String"></result>
        <!--providerCode 供应商代码-->
        <result property="providerCode" column="" javaType="String"></result>
        <!--providerFrom 供应商来源-->
        <result property="providerFrom" column="" javaType="String"></result>
        <!--providerName 供应商名称-->
        <result property="providerName" column="" javaType="String"></result>
        <!--packCode 商品包装代码-->
        <result property="packCode" column="" javaType="String"></result>
        <!--packageStandard 包装规格-->
        <result property="packageStandard" column="SKF153" javaType="String"></result>
        <!--remark 明细备注-->
        <result property="remark" column="SKF158" javaType="String"></result>
        <!--decimalQuantity 商品数量（小数）-->
        <result property="decimalQuantity" column="SKF156" javaType="double"></result>
    </resultMap>

    <!--获取指定入库单的入库产品信息-->
    <select id="selectItem"  parameterType="String" resultMap="resultMapItem">
        select ifnull(SKF151,'null') skf151,ifnull(SKF28,'null') SKF28,
        ifnull(SKF156,0) skf156, ifnull(SKF32,'null') SKF32,ifnull(SKF360,0) skf360,
        ifnull(SKF361,0) skf361,ifnull(SKF153,'null') skf153,ifnull(SKF158,'null') skf158
        from `skt13` a  left JOIN `skt3` b on (a.skf151=b.skf27) where skf150 = #{orderCode}
    </select>

</mapper>