<?xml version="1.0" encoding="utf-8" ?>
<!DOCTYPE mapper PUBLIC "-//mybatis.org//DTD Mapper 3.0//EN"
        "http://mybatis.org/dtd/mybatis-3-mapper.dtd" >
<mapper namespace="com.chenk.twasn.mapper.ReceiverMapper">

    <resultMap id="resultMapReceiver" type="com.best.javaSdk.twAsnNotify.request.Receiver">
        <!--name 收货方,配送必填,这边收获方就填了本地仓库名称-->
        <result property="name" column="SKF62" javaType="String"></result>
        <!--province 收货方所在省,配送必填-->
        <result property="province" column="nullValue" javaType="String"></result>
        <!--city 收货方所在市,配送必填-->
        <result property="city" column="nullValue" javaType="String"></result>
        <!--district 收货方所在区,配送必填-->
        <result property="district" column="nullValue" javaType="String"></result>
        <!--address 收货方所在详细地址,配送必填-->
        <result property="address" column="nullValue" javaType="String"></result>
        <!--contactName 收货方联系人,配送必填-->
        <result property="contactName" column="nullValue" javaType="String"></result>
        <!--phone 收货方联系人方式,配送必填-->
        <result property="phone" column="nullValue" javaType="String"></result>
        <!--earlyDeliveryTime 送货时间从，格式（需大于最晚提货时间。yyyy-MM-dd HH:mm:ss，快递业务可设置为下单时间+3天）,配送必填-->
        <result property="earlyDeliveryTime" column="" javaType="String"></result>
        <!--lateDeliveryTime 送货时间到，格式（yyyy-MM-dd HH:mm:ss，快递业务可设置为下单时间+4天）,配送必填-->
        <result property="lateDeliveryTime" column="" javaType="String"></result>
    </resultMap>

    <!--获取收获收货者信息-->
    <select id="selectReceiver" parameterType="String" resultMap="resultMapReceiver">
       select SKF137,ifnull(SKF62,"null") skf62 ,ifnull(skf61,"null") skf61, 'null' nullValue
       from skt12 a left join skt6 b on (a.skf139 =b.SKF61) where skf137 = #{orderCode}
    </select>




</mapper>