<?xml version="1.0" encoding="utf-8" ?>
<!DOCTYPE mapper PUBLIC "-//mybatis.org//DTD Mapper 3.0//EN"
        "http://mybatis.org/dtd/mybatis-3-mapper.dtd" >
<mapper namespace="com.chenk.twasn.mapper.SenderMapper">
    <resultMap id="resultMapSender" type="com.best.javaSdk.twAsnNotify.request.Sender">
        <!--name 发货方 这边配置的是供应商的名称-->
        <result property="name" column="skf142" javaType="String"></result>
        <!--province 发货方所在省,配送必填-->
        <result property="province" column="SKF3" javaType="String"></result>
        <!--city 发货方所在市,配送必填-->
        <result property="city" column="SKF3" javaType="String"></result>
        <!--district 发货方所在区,配送必填-->
        <result property="district" column="SKF3" javaType="String"></result>
        <!--address 发货方所在详细地址,配送必填-->
        <result property="address" column="SKF3" javaType="String"></result>
        <!--contactName 发货方联系人,配送必填-->
        <result property="contactName" column="SKF4" javaType="String"></result>
        <!--phone 发货方联系人方式,配送必填-->
        <result property="phone" column="SKF5" javaType="String"></result>
        <!--earlyPickupTime 提货时间从，格式（yyyy-MM-dd HH:mm:ss，快递业务可设置为下单时间）,配送必填-->
        <result property="earlyPickupTime" column="" javaType="String"></result>
        <!--latePickupTime 提货时间到，格式（yyyy-MM-dd HH:mm: ss，快递业务可设置为下单时间+一天）,配送必填-->
        <result property="latePickupTime" column="" javaType="String"></result>
    </resultMap>
    <select id="selectSender" parameterType="String" resultMap="resultMapSender">
        select skf142,ifnull(SKF3,'null') skf3 ,ifnull(SKF4,'null') skf4,ifnull(SKF5,'null') skf5,
        'null' nullValue
        from skt12 a left join skt1 b on (a.skf142=b.skf2)  where skf137 = #{orderCode}
    </select>

</mapper>