<?xml version="1.0" encoding="utf-8" ?>
<!DOCTYPE mapper PUBLIC "-//mybatis.org//DTD Mapper 3.0//EN"
        "http://mybatis.org/dtd/mybatis-3-mapper.dtd" >
<mapper namespace="com.chenk.twasn.mapper.TwAsnNotifyMapper">

    <!--使用resultMap 将数据表的字段名与实体类TwAsnNotifyReq名称对应起来-->
    <resultMap id="resultMapTwAsnNotify" type="com.best.javaSdk.twAsnNotify.request.TwAsnNotifyReq">
        <!--operationFlag 业务标识配送(W-仓,T-配,WT-仓+配,)-->
        <result property="operationFlag" column="nullValue" javaType="String"></result>
        <!--customerCode 客户编码（百世提供，唯一）-->
        <result property="customerCode" column="nullValue" javaType="String"></result>
        <!--customerName 客户名称（百世提供）-->
        <result property="customerName" column="nullValue" javaType="String"></result>
        <!--projectCode 项目编码（百世提供）项目运作地代码,配送必填-->
        <result property="projectCode" column="nullValue" javaType="String"></result>
        <!--transportMode 运输模式，FTL-整车 LTL-零担 AIR-空运 EXP-快递，快运：BTR（填写符号，如：EXP）,配送必填-->
        <result property="transportMode" column="nullValue" javaType="String"></result>
        <!--vehicleModel 车型，当运输模式传入为FTL-整车，配送条件必填-->
        <result property="vehicleModel" column="nullValue" javaType="String"></result>
        <!--logisticsCode 承运商类型（百世快递 BEX,百世快运BTR-->
        <result property="logisticsCode" column="nullValue" javaType="String"></result>
        <!--orderDescription 订单描述目前可传JY（禁运）-->
        <result property="orderDescription" column="nullValue" javaType="String"></result>
        <!--shippingOrderNo 外部运单号(快递或快运单号),配送条件必填-->
        <result property="shippingOrderNo" column="nullValue" javaType="String"></result>
        <!--orderCode 外部单号（客户单号，下单时保证唯一）-->
        <result property="orderCode" column="skf137" javaType="String"></result>
        <!--asnOrders 退货申请关联单号,无单退货必填-->
        <result property="asnOrders" column="nullValue" javaType="String"></result>
        <!--productCode 产品类型-->
        <result property="productCode" column="nullValue" javaType="String"></result>
        <!--businessScenarioCode ①Return_Commodity:返货 ②Forward_Delivery:正向配送（送货）
        ③Sales_Return:退货 ④Allot:调拨 ⑤Self_Delivery:客户自提-->
        <result property="businessScenarioCode" column="nullValue" javaType="String"></result>
        <!--tradeMark 品牌-->
        <result property="tradeMark" column="nullValue" javaType="String"></result>
        <!--totalAmount 货物金额-->
        <result property="totalAmount" column="nullInt" javaType="double"></result>
        <!--warehouseCode 仓库代码，仓储必填-->
        <result property="warehouseCode" column="nullValue" javaType="String"></result>
        <!--actionType 操作类型：ADD-新增，仓储必填-->
        <result property="actionType" column="nullValue" javaType="String"></result>
        <!--refOrderCode 客户单号-->
        <result property="refOrderCode" column="skf137" javaType="String"></result>
        <!--extTradeId 	业务订单号-->
        <result property="extTradeId" column="nullValue" javaType="String"></result>
        <!--operationTypeCode 业务类型，赋值：入库单：ASN退货单：DI，仓储必填-->
        <result property="operationTypeCode" column="nullValue" javaType="String"></result>
        <!--extOrderType 入库单外部类型，对应WMS外部单据类型（例如：采购入库、销售退货）
        （由前端系统定义6种上传，后续反馈百世按照6种类型推送）-->
        <result property="extOrderType" column="skf141" javaType="String"></result>
        <!--orderTime 下单时间（yyyy-MM-dd HH:mm:ss）,仓储必填-->
        <result property="orderTime" column="skf138" javaType="String"></result>
        <!--earliestArrivalTime 最早到货时间（yyyy-MM-dd HH:mm:ss）-->
        <result property="earliestArrivalTime" column="skf138" javaType="String"></result>
        <!--latestArrivalTime 最晚到货时间（yyyy-MM-dd HH:mm:ss）-->
        <result property="latestArrivalTime" column="skf138" javaType="String"></result>
        <!--tmsCompany 运输公司名称-->
        <result property="tmsCompany" column="nullValue" javaType="String"></result>
        <!--tmsLinkman 运输公司联系人-->
        <result property="tmsLinkman" column="nullValue" javaType="String"></result>
        <!--tmsPhone 运输公司电话-->
        <result property="tmsPhone" column="nullValue" javaType="String"></result>
        <!--tmsLinkmanNo 运输公司联系人身份证号-->
        <result property="tmsLinkmanNo" column="nullValue" javaType="String"></result>
        <!--tmsShippingNo 运输公司运单号-->
        <result property="tmsShippingNo" column="nullValue" javaType="String"></result>
        <!--remark 备注-->
        <result property="remark" column="nullValue" javaType="String"></result>
        <!--udfFlag 是否启用udf字段-->
        <result property="udfFlag" column="" javaType="boolean"></result>
        <!--udf1 自定义属性1 , 用于存储是否完全同步的数据-->
        <result property="udf1" column="skf413" javaType="String"></result>
        <!--udf2 自定义属性2-->
        <result property="udf2" column="nullValue" javaType="String"></result>
        <!--udf3 自定义属性3-->
        <result property="udf3" column="nullValue" javaType="String"></result>
        <!--udf4 自定义属性4-->
        <result property="udf4" column="nullValue" javaType="String"></result>
        <!--udf5 自定义属性5-->
        <result property="udf5" column="nullValue" javaType="String"></result>
        <!--udf6 自定义属性6-->
        <result property="udf6" column="nullValue" javaType="String"></result>
        <!--udf7 自定义属性7-->
        <result property="udf7" column="nullValue" javaType="String"></result>
        <!--udf8 自定义属性8-->
        <result property="udf8" column="nullValue" javaType="String"></result>
        <!--goodsValue 货物COD服务金额时，必填-->
        <result property="goodsValue" column="nullInt" javaType="double"></result>
        <!--cheapAmount 优惠金额，存在COD服务时，必填。若无优惠金额，则填0-->
        <result property="cheapAmount" column="nullInt" javaType="double"></result>
    </resultMap>

    <!--判断订单的仓库是不是CRM电商仓-->
    <select id="isCrmTwAsnNotify" resultType="String" parameterType="String">
        select skf139 from `skt12` where skf137 = #{orderCode}
    </select>

    <!--查询所有的入库订单数据，CRM仓库-->
    <select id="selectAllTwAsnNotify" resultMap="resultMapTwAsnNotify">
        select * from `skt12` where skf141 like '%入库%' and skf413 like '%全部入库%' and skf139=31
    </select>

    <!--查询所有没有同步的入库订单数据，CRM仓库-->
    <select id="selectAllNoTwAsnNotify" resultMap="resultMapTwAsnNotify">
    select * from `skt12` where skf141 like '%入库%' and skf763 = 0 and skf139=31
    </select>

    <!--查询指定的入库单信息-->
    <!--若没有订单生成时间即 orderTime，会生成当前传送数据的时间节点-->
    <select id="selectTwAsnNotify" resultMap="resultMapTwAsnNotify" parameterType="String">
    select skf137,skf141,skf413,'null' nullValue, 0 nullInt,
    ifnull(str_to_date(SKF138,'%Y-%m-%d %H:%i:%s') ,DATE_FORMAT(NOW(),'%Y-%m-%d %H:%i:%s')) skf138
    from `skt12` where skf137 = #{orderCode} and  skf139 = 31
    </select>


    <!--同步状态，分为未同步，完全入库同步，部分入库同步-->
    <!--未同步：0，完全入库同步：1，部分入库同步：2-->
    <!--更新同步完成的数据-->
    <update id="twasnOk" parameterType="String">
    update `skt12` set skf725 = 1 where skf137 = #{orderCode} and skf139 = 31
    </update>

    <!--部分入库同步信息,部分入库不操作-->
    <update id="twasnPartOk" parameterType="String">
        update `skt12` set skf725 = 2 where skf137 = #{orderCode} and skf139 = 31
    </update>
</mapper>